{"cameraMode":{"drawMode":0,"name":"Shaded","section":"Shading Mode"},"sceneLighting":true,"audioPlay":false,"sceneViewState":{"showFog":true,"showMaterialUpdate":false,"showSkybox":true,"showFlares":true,"showImageEffects":true,"showParticleSystems":true},"in2DMode":false,"pivot":{"x":0.33251953125,"y":0.01513671875,"z":-0.11083984375},"rotation":{"x":0.3800731897354126,"y":0.17512063682079316,"z":-0.07354491204023361,"w":0.9052730202674866},"size":4.8109517097473148,"orthographic":true}