{"cameraMode":{"drawMode":0,"name":"Shaded","section":"Shading Mode"},"sceneLighting":true,"audioPlay":false,"sceneViewState":{"showFog":true,"showMaterialUpdate":false,"showSkybox":true,"showFlares":true,"showImageEffects":true,"showParticleSystems":true},"in2DMode":false,"pivot":{"x":0.44710540771484377,"y":-4.12109375,"z":-0.400390625},"rotation":{"x":0.6605261564254761,"y":0.0015724047552794219,"z":-0.001394106773659587,"w":0.7508342266082764},"size":12.901491165161133,"orthographic":true}